﻿District Name,District Code,Total # of Classes,Average Class Size,Number of Students,Female %,Male %,English Language Learner %,Students with Disabilities %,Economically Disadvantaged %
Abby Kelley Foster Charter Public (District),4450000,713,18.9,"1,425",54.4,45.6,13.6,13,48.6
Abington,10000,"1,017",19.8,"2,178",49.7,50.3,8.3,16.5,30.1
Academy Of the Pacific Rim Charter Public (District),4120000,201,19.7,538,48.5,51.5,8.2,26,48.7
Acton-Boxborough,6000000,"2,368",17.1,"5,246",47.8,52.1,5.3,14.1,8.8
Acushnet,30000,400,15.2,913,47.5,52.5,0.2,12.7,27.7
Advanced Math and Science Academy Charter (District),4300000,490,18.6,960,47.6,52.3,2,6.3,10.7
Agawam,50000,"2,666",13.7,"3,476",48.3,51.6,4.8,16.8,34.7
Alma del Mar Charter School (District),4090000,236,24.1,791,55,45,30.5,19.7,66.6
Amesbury,70000,"1,115",15.1,"1,869",46.6,53.3,2.1,23.5,29.8
Amherst,80000,392,15.2,"1,014",48.2,51.5,11.8,23.3,35.2
Amherst-Pelham,6050000,995,12.8,"1,280",48.8,50.8,7.7,22.4,29.1
Andover,90000,"3,729",12.3,"5,614",49.8,50.2,3,19.7,10.2
Argosy Collegiate Charter School (District),35090000,244,21.8,578,45.7,54.3,20.9,24.2,67.7
Arlington,100000,"3,172",15.7,"5,765",49.5,50.2,4.4,16.2,9.8
Ashburnham-Westminster,6100000,"1,230",17.4,"2,247",48.9,51.1,1.7,20.4,20.6
Ashland,140000,"1,741",15.4,"2,776",48.5,51.5,6.4,18.4,19.2
Assabet Valley Regional Vocational Technical,8010000,673,12.3,"1,138",40.3,58.5,4.9,25.8,33.2
Athol-Royalston,6150000,685,18.6,"1,485",45.1,55,3,23.6,57.4
Atlantis Charter (District),4910000,542,13.1,"1,290",52.3,47.7,15,13.3,51.9
Attleboro,160000,"3,057",17.1,"5,768",47.1,52.8,5.3,18.1,34.8
Auburn,170000,"1,520",16.2,"2,526",49.9,50,2.4,11.6,23.4
Avon,180000,356,13.4,696,47.4,52.6,7.3,21.8,37.4
Ayer Shirley School District,6160000,950,16.4,"1,615",47.5,52.5,3.4,20.7,27.9
Barnstable,200000,"3,180",10.1,"4,598",48.4,51.4,13.4,17.7,43.7
Baystate Academy Charter Public School (District),35020000,369,13.3,470,45.3,54.7,8.7,20.2,76.8
Bedford,230000,"1,162",14.9,"2,621",48,51.9,4.6,17.2,10.7
Belchertown,240000,"1,189",15.8,"2,172",49.3,50.5,1.5,20.8,21.6
Bellingham,250000,787,16.4,"2,004",50.1,49.9,2.5,20.9,25.1
Belmont,260000,"2,062",18.9,"4,439",50.1,49.9,7.8,11.9,8.8
Benjamin Banneker Charter Public (District),4200000,117,12.6,338,50.3,49.4,4.4,16,55.9
Benjamin Franklin Classical Charter Public (District),4470000,224,26,772,50.4,49.6,7.5,14.4,15
Berkley,270000,468,12.7,879,49.3,50.7,0.9,16.4,22.4
Berkshire Arts and Technology Charter Public (District),4140000,141,18.5,366,46.2,53,1.4,21.6,51.9
Berkshire Hills,6180000,763,10.9,"1,169",49.9,50.1,4.7,16.8,34.8
Berlin-Boylston,6200000,686,15.7,"1,057",49.5,50.1,2.4,17.1,14.7
Beverly,300000,"1,732",16.4,"4,655",47.9,52.1,4,19.3,29.4
Billerica,310000,"3,002",13.2,"4,638",49.6,50.4,1.9,21.4,22
Blackstone Valley Regional Vocational Technical,8050000,796,17.4,"1,230",50.2,49.7,0.5,10.4,10.5
Blackstone-Millville,6220000,887,14.6,"1,590",47.9,52,1.6,17.1,29.1
Blue Hills Regional Vocational Technical,8060000,329,19.1,874,45.8,54.2,1.4,26.7,31.4
Boston,350000,"27,831",16.2,"49,310",48,52,29.3,22.4,64.3
Boston Collegiate Charter (District),4490000,212,24.7,719,51.3,48.7,4.5,18.4,38.7
Boston Day and Evening Academy Charter (District),4240000,415,14.7,437,52.9,47.1,16,34.8,71.2
Boston Green Academy Horace Mann Charter School (District),4110000,270,16.4,501,47.3,52.7,16.4,33.5,72.3
Boston Preparatory Charter Public (District),4160000,207,19.4,663,50.7,49.3,19.2,20.2,60.9
Boston Renaissance Charter Public (District),4810000,500,16.5,951,51.6,48.4,11.2,11.9,60.8
Bourne,360000,999,15.2,"1,656",51.3,48.6,0.9,18.8,31.3
Boxford,380000,352,13.9,678,47.6,52.4,1.2,20.1,7.8
Braintree,400000,"3,180",14.8,"5,517",49.3,50.7,6.4,19.5,22.9
Brewster,410000,322,13.9,429,49.9,50.1,4.7,22.4,32.6
Bridge Boston Charter School (District),4170000,125,15.3,335,53.1,46.9,27.8,24.2,66.6
Bridgewater-Raynham,6250000,"1,866",18.8,"5,353",48.2,51.8,2.5,17.1,21.8
Brimfield,430000,81,18.5,260,48.5,51.5,1.2,19.2,26.2
Bristol County Agricultural,9100000,228,18.7,448,74.1,25.7,0,15.4,24.8
Bristol-Plymouth Regional Vocational Technical,8100000,"1,036",18.9,"1,310",42.4,57.6,0.3,17.4,30.2
Brockton,440000,"7,619",18.3,"15,418",47.3,52.7,26.2,17.2,66.5
Brooke Charter School (District),4280000,937,17.3,"2,060",52.5,47.5,7.9,11.7,56.3
Brookfield,450000,85,16.1,259,46.3,53.7,0.4,14.7,31.7
Brookline,460000,"4,507",14.5,"6,834",49.2,50.6,8.4,18.4,11.9
Burlington,480000,"1,964",14.1,"3,474",49.1,50.8,5.8,13.1,17
Cambridge,490000,"4,599",11.9,"6,649",49.1,50.7,6,22.8,32.8
Canton,500000,"2,326",16.2,"3,193",51.1,48.8,2.6,13.2,18
Cape Cod Lighthouse Charter (District),4320000,191,14,250,48,52,0.4,17.6,18.4
Cape Cod Regional Vocational Technical,8150000,408,13.3,627,36,63.5,2.2,24.6,45.1
Carlisle,510000,380,13.7,589,47.9,52.1,2,16.3,4.9
Carver,520000,"1,169",10.5,"1,469",48.5,51.5,1.4,18.2,26.9
Central Berkshire,6350000,713,15.3,"1,498",47.4,52.6,0.7,16,36.6
Chelmsford,560000,"2,237",19.1,"4,925",47.9,52.1,4.4,16.5,15.5
Chelsea,570000,"2,758",14.6,"6,112",48.2,51.8,37.4,15.2,72.4
Chesterfield-Goshen,6320000,52,15.1,119,42.9,57.1,0,23.5,31.1
Chicopee,610000,"3,270",14.1,"6,855",46.3,53.7,6.1,18.4,60
Christa McAuliffe Charter Public (District),4180000,173,20.7,400,47,52.8,4.5,19.5,39.3
City on a Hill Charter Public School Circuit Street (District),4370000,89,18.3,275,48.4,51.6,23.6,23.3,70.6
Clarksburg,630000,98,16.1,192,50,50,0,18.8,32.3
Clinton,640000,850,15.8,"1,848",46.2,53.8,14.3,21.6,46.5
Codman Academy Charter Public (District),4380000,127,16.9,343,51.9,48.1,10.5,27.1,70.6
Cohasset,650000,901,16.3,"1,444",49.8,50.1,0.1,12.2,6.4
Collegiate Charter School of Lowell (District),35030000,335,27.1,"1,003",50.8,49.2,25.8,6.3,54.6
Community Charter School of Cambridge (District),4360000,84,21.1,306,57.2,42.8,5.9,16.3,45.8
Community Day Charter Public School - Gateway (District),4260000,120,20,399,47.9,52.1,19.3,12.5,67.9
Community Day Charter Public School - Prospect (District),4400000,114,21.1,400,50.3,49.8,24,12,65.3
Community Day Charter Public School - R. Kingman Webster (District),4310000,120,20.4,404,52.5,47.5,20.8,12.1,60.2
Concord,670000,"1,358",16.4,"2,027",48.6,51.4,2.3,17.6,8.2
Concord-Carlisle,6400000,536,19.5,"1,316",50.8,48.7,0.3,15.9,8.1
Conservatory Lab Charter (District),4390000,174,16.8,447,51.2,48.8,15.2,13.4,61.1
Conway,680000,93,14.5,130,43.9,56.2,0,16.9,23.9
Danvers,710000,"2,116",16.8,"3,327",48.7,51.3,1.4,18.7,21
Dartmouth,720000,"1,905",16.4,"3,431",48.2,51.8,1.7,18.2,25.9
Dedham,730000,"1,236",14.7,"2,564",47.8,52.1,5.6,22.1,25.7
Deerfield,740000,265,13.4,315,50.8,49.2,1.9,22.5,22.9
Dennis-Yarmouth,6450000,"1,454",12.6,"2,788",47.4,52.5,11.4,17.9,49
Dighton-Rehoboth,6500000,"1,406",18.8,"2,616",48,52,0.5,16.7,18.7
Douglas,770000,564,18.1,"1,181",48.1,51.9,0.6,18.5,19.1
Dover,780000,164,17.4,491,44.4,55.6,1.8,15.5,2.4
Dover-Sherborn,6550000,679,16.9,"1,181",47.7,52.2,0.3,14.3,4.2
Dracut,790000,"2,220",14.5,"3,675",48.1,51.8,2,16,29
Dudley Street Neighborhood Charter School (District),4070000,15,21,277,52.4,47.7,40.4,14.8,71.1
Dudley-Charlton Reg,6580000,"1,629",17.1,"3,474",48.9,51.1,3.3,16.5,26.6
Duxbury,820000,"1,444",19,"2,810",48.3,51.6,0.5,13.8,7.1
East Bridgewater,830000,"1,107",19,"2,126",47.4,52.6,1.4,17.6,23.4
East Longmeadow,870000,"1,288",17.4,"2,426",48,51.9,1.6,19.2,22.5
Eastham,850000,190,10.2,194,44.9,55.2,6.7,18,39.7
Easthampton,860000,521,20.2,"1,453",48.3,51.2,3.1,22.4,36.1
Easton,880000,"1,257",18,"3,454",49.1,50.9,1.8,19.6,17
Edgartown,890000,353,13.4,393,50.1,49.9,22.1,26,38.9
Edward M. Kennedy Academy for Health Careers (Horace Mann Charter) (District),4520000,212,19.9,401,66.3,33.7,12.2,20.2,72.1
Erving,910000,36,12.4,113,42.5,57.5,0,19.5,32.7
Essex North Shore Agricultural and Technical School District,8170000,"1,150",16.9,"1,566",58,41.7,0.3,16.7,19.2
Everett,930000,"3,499",20,"7,204",49.1,50.8,28.5,16,63.4
Excel Academy Charter (District),4100000,366,24.3,"1,398",49.7,50.3,8.7,19.8,54.8
Fairhaven,940000,"1,085",8.2,"1,713",49.4,50.6,1.2,16.8,31.2
Fall River,950000,"5,358",14.3,"10,333",48.7,51.3,17.8,22.7,74.4
Falmouth,960000,"1,717",14.8,"3,019",47.5,52.3,4.2,19.7,33.8
Farmington River Reg,6620000,76,13.8,118,50,50,0,24.6,40.7
Fitchburg,970000,"2,455",18.6,"5,193",48,52,16.3,22.4,67.6
Florida,980000,89,9.2,86,45.4,54.7,0,22.1,38.4
Four Rivers Charter Public (District),4130000,187,17.2,215,56.7,42.3,0,14,28.4
Foxborough,990000,"1,332",16.7,"2,426",47.2,52.8,2.6,20.1,19
Foxborough Regional Charter (District),4460000,687,20.2,"1,687",51.7,48.3,7.4,9.9,30.8
Framingham,1000000,"6,754",12.4,"8,862",48.8,51.1,26.9,21.8,46.8
Francis W. Parker Charter Essential (District),4780000,252,16.6,391,55,44.5,0,15.4,9
Franklin,1010000,"2,707",15.4,"4,847",48.1,51.8,1.5,16.9,12
Franklin County Regional Vocational Technical,8180000,250,13,543,39,60.8,0.4,29.1,39.8
Freetown-Lakeville,6650000,"1,005",17,"2,603",49.7,50.3,0.9,16.7,18.9
Frontier,6700000,529,12,649,46.7,53.3,0.6,15.9,21.4
Gardner,1030000,700,16.7,"2,148",47.3,52.7,6,23.4,58.3
Gateway,6720000,555,12.6,758,47.9,52.1,2.2,23.2,38.5
Georgetown,1050000,623,14.9,"1,223",50,50,0,17,11.5
Gill-Montague,6740000,519,13.5,845,48.5,51.1,7.8,27.5,52.8
Global Learning Charter Public (District),4960000,347,16.9,503,51.3,48.7,9.7,11.1,59.4
Gloucester,1070000,"1,446",13.1,"2,691",47.8,52.1,7.9,25.5,41.5
Gosnold,1090000,10,2.8,6,50,50,0,0,0
Grafton,1100000,"1,948",16,"3,152",47.9,52,2,18.5,16
Granby,1110000,390,14.1,715,45,54.7,5.2,19.6,33
Greater Fall River Regional Vocational Technical,8210000,860,16,"1,439",44.7,55,1.7,10.2,41.1
Greater Lawrence Regional Vocational Technical,8230000,"1,787",13.7,"1,629",50.3,49.7,9.6,14.9,60
Greater Lowell Regional Vocational Technical,8280000,"1,444",17.9,"2,286",48.8,50.7,9.8,16.9,50
Greater New Bedford Regional Vocational Technical,8250000,"1,986",15.1,"2,106",47.7,52.3,4.2,10.3,42.2
Greenfield,1140000,722,16.3,"1,556",47.8,52.3,5.2,19.2,54.9
Greenfield Commonwealth Virtual District,39010000,340,18.6,"1,002",53.9,45.2,2.3,22.1,50
Groton-Dunstable,6730000,"1,099",16.8,"2,274",48.3,51.5,1.1,16.2,8
Hadley,1170000,399,16.2,507,45.8,54,4.1,14,23.5
Halifax,1180000,274,17.9,568,46.7,53.4,1.1,18.1,22.4
Hamilton-Wenham,6750000,"1,221",11.8,"1,683",51.6,48.4,0.8,17.4,7.7
Hampden Charter School of Science East (District),4990000,252,19,536,50.6,49.3,5.8,14,52.2
Hampden Charter School of Science West (District),35160000,162,17.4,327,46.8,53.2,7.7,17.7,52
Hampden-Wilbraham,6800000,"1,154",17.9,"2,892",49.5,50.5,1.2,16.7,20.5
Hampshire,6830000,576,11.2,684,56.3,43.4,1.9,21.6,17.8
Hancock,1210000,76,7,56,55.4,44.6,0,30.4,32.1
Hanover,1220000,"1,468",17.7,"2,641",48.4,51.6,1,19.8,9.6
Harvard,1250000,600,14.2,"1,008",50.2,49.7,0.9,10.8,6.5
Hatfield,1270000,293,12.1,394,47.2,52,0.3,27.2,16
Haverhill,1280000,"3,998",17.2,"7,848",47.8,52.1,10.1,22.7,55.3
Hawlemont,6850000,39,15.5,124,58.9,41.1,4,30.7,50.8
Helen Y. Davis Leadership Academy Charter Public (District),4190000,64,14.7,189,50.3,49.7,4.8,19.6,66.1
Hill View Montessori Charter Public (District),4550000,122,20.7,304,51.6,48.4,5.9,18.4,31.6
Hilltown Cooperative Charter Public (District),4500000,53,25.7,218,48.6,50.9,0,16.1,14.7
Hingham,1310000,"2,293",13.4,"3,941",49,50.9,0.4,14.7,6.6
Holbrook,1330000,695,15.3,"1,281",47.5,52.3,5.9,19.1,36.9
Holland,1350000,79,15.3,202,43.6,56.4,0,14.4,32.2
Holliston,1360000,"1,210",21.7,"2,776",47.7,52.2,2.2,16.8,9.1
Holyoke,1370000,"2,310",17.1,"5,095",47.3,52.7,19.7,28.3,80.7
Holyoke Community Charter (District),4530000,184,22.8,701,52.2,47.8,12.6,22.4,77.2
Hoosac Valley Regional,6030000,565,14.6,980,49.7,50.3,1.2,25.8,54.1
Hopedale,1380000,733,12.8,"1,094",47.9,52,4,18.8,18
Hopkinton,1390000,"2,249",19.7,"3,974",49.3,50.7,7.2,12.9,6.7
Hudson,1410000,"1,414",15.4,"2,432",51,48.9,13.5,18,30.8
Hull,1420000,525,10.1,812,46.3,53.6,1,19.2,33.5
Innovation Academy Charter (District),4350000,658,12.4,787,52.2,47.3,2.4,21.5,18.7
Ipswich,1440000,"1,017",15.1,"1,604",51,48.8,2.1,18.2,15.4
KIPP Academy Boston Charter School (District),4630000,127,31.9,620,47.4,52.6,16.9,15.7,72.4
KIPP Academy Lynn Charter (District),4290000,483,24.3,"1,611",50.3,49.7,12.2,11.4,57.9
King Philip,6900000,815,18,"1,943",48.9,51.1,0.2,15.4,11.1
Kingston,1450000,402,19.9,"1,028",48.6,51.4,2.7,18.4,21.1
Lawrence,1490000,"6,805",17.9,"13,204",47.5,52.3,35.4,19,79.5
Lawrence Family Development Charter (District),4540000,406,19.1,795,55.9,44.2,23.5,8.4,67.7
Learning First Charter Public School (District),4860000,234,24.7,666,52,48.1,26.3,14,71.2
Lee,1500000,686,8.2,673,48.6,51.3,4.5,16.1,38.5
Leicester,1510000,933,13.7,"1,387",46.4,53.4,4.3,18.7,31.4
Lenox,1520000,569,12.1,744,50.8,49.2,2.7,9.8,20
Leominster,1530000,"2,363",19.6,"5,969",49.2,50.7,13.1,22.9,48.3
Leverett,1540000,57,16.9,118,45.8,54.2,0,13.6,18.6
Lexington,1550000,"3,443",17.4,"6,945",49,50.9,8.2,13.9,6.7
Libertas Academy Charter School (District),35140000,80,18.7,262,50.8,49.2,33.6,24.4,83.2
Lincoln,1570000,275,21.6,"1,029",50.2,49.9,3.9,18.1,9.6
Lincoln-Sudbury,6950000,"1,138",17.8,"1,522",50.3,49.6,0.8,18.8,7.3
Littleton,1580000,807,17.6,"1,578",50.3,49.7,1.8,15,8.9
Longmeadow,1590000,"1,566",15.5,"2,765",48.3,51.7,0.6,18.9,10.6
Lowell,1600000,"8,901",18.1,"14,364",48,52,25,18.6,64.9
Lowell Community Charter Public (District),4560000,234,20.6,796,50.6,49.3,54.4,16.5,58.2
Lowell Middlesex Academy Charter (District),4580000,101,11.3,81,66.7,33.3,3.7,37,74.1
Ludlow,1610000,"1,596",11.3,"2,402",48.9,51,4.4,16,32.2
Lunenburg,1620000,890,17,"1,595",48,51.7,1.2,15.4,21.4
Lynn,1630000,"5,093",15.4,"12,825",47.1,52.7,31.4,17.9,65.6
Lynnfield,1640000,861,17.6,"2,179",50.1,49.8,2.4,18.1,9.6
MATCH Charter Public School (District),4690000,357,19.9,"1,220",51.6,48.4,18.3,23,69.8
Ma Academy for Math and Science,4680000,32,11,44,52.3,47.7,0,0,2.3
Malden,1650000,"2,778",18.6,"6,237",48.2,51.7,19.5,16.9,54.1
Manchester Essex Regional,6980000,671,14.8,"1,271",49,50.9,0.6,17.6,11.8
Mansfield,1670000,"1,525",15,"3,527",48.1,51.9,2.1,14.4,17.6
Map Academy Charter School (District),35170000,130,15.1,203,38.9,58.6,0,49.8,55.7
Marblehead,1680000,"1,603",16.2,"2,723",48.1,51.7,4.4,22.1,12.2
Marblehead Community Charter Public (District),4640000,89,18.2,211,44.6,55.5,8.1,26.5,17.5
Marion,1690000,313,9.4,403,47.4,52.6,0.3,19.9,25.3
Marlborough,1700000,"3,081",12.2,"4,901",47.1,52.9,25.4,16.7,48.9
Marshfield,1710000,"2,148",11.6,"3,817",48.1,51.9,1.3,18.6,15.6
Martha's Vineyard,7000000,423,12.8,677,47,53,11.2,20.5,34.3
Martha's Vineyard Charter (District),4660000,86,11.6,166,54.2,45.8,5.4,27.1,41.6
Martin Luther King Jr. Charter School of Excellence (District),4920000,108,20,360,48.6,51.4,27.2,14.7,77.5
Masconomet,7050000,940,15.8,"1,692",53.1,46.8,0.1,17.1,8.4
Mashpee,1720000,959,14.8,"1,525",48.8,51.2,4.7,15.3,36.1
Mattapoisett,1730000,402,10.5,412,48.5,51.5,0.5,17,18.9
Maynard,1740000,805,15.6,"1,189",48.7,51.1,4.5,18.3,20.9
Medfield,1750000,"1,475",17.5,"2,507",49.1,50.9,1.1,12.7,6.2
Medford,1760000,"2,194",13,"3,969",47.8,52.2,10.7,20.3,34.9
Medway,1770000,"1,215",15.9,"2,094",50,49.9,1.9,16,12.5
Melrose,1780000,"1,641",18.7,"3,691",50.4,49.6,5.6,16.6,13.5
Mendon-Upton,7100000,"1,163",15.2,"2,170",49.8,50.2,2.4,16.4,11.7
Methuen,1810000,"3,001",18.3,"6,572",47.2,52.8,11.7,18.7,43.8
Middleborough,1820000,"1,688",16,"2,922",48.8,51.2,1.5,17.7,34
Middleton,1840000,362,13.9,682,51.3,48.7,1.8,19.1,9.8
Milford,1850000,"2,895",11.3,"4,329",47.2,52.8,22.9,17.1,47
Millbury,1860000,782,16.7,"1,533",47.2,52.5,3.7,19.4,29.8
Millis,1870000,586,16.1,"1,172",49.1,50.8,2.1,14.2,14.9
Milton,1890000,"2,244",17.3,"4,343",50.5,49.4,2.1,17.2,12.3
Minuteman Regional Vocational Technical,8300000,499,12.8,627,38.4,60.8,0.8,33.7,19.1
Mohawk Trail,7170000,452,9.2,747,49.1,50.9,0.7,24.9,36
Monomoy Regional School District,7120000,"1,348",13.4,"1,766",48.2,51.8,4.9,18.1,32.1
Monson,1910000,547,13.5,844,51.2,48.6,0.4,21,32.9
Montachusett Regional Vocational Technical,8320000,638,17.8,"1,401",50.2,48.9,1,15.1,27.8
Mount Greylock,7150000,995,9.3,"1,079",50.7,49,0.8,14.9,20.7
Mystic Valley Regional Charter (District),4700000,775,24,"1,609",52,48,1.9,12.2,24.1
Nahant,1960000,74,16.2,155,46.5,53.6,0,19.4,22.6
Nantucket,1970000,917,16.1,"1,688",48,52,15.9,17.6,29.6
Narragansett,7200000,598,17.4,"1,349",47.4,52.5,0.4,19.4,35.3
Nashoba,7250000,"1,745",13.3,"3,108",48.8,51.1,3.1,17.8,10.6
Nashoba Valley Regional Vocational Technical,8520000,461,11.9,710,38.3,60.6,0.3,31.6,25.8
Natick,1980000,"2,569",17.9,"5,291",48,51.9,3.1,16.3,11.1
Nauset,6600000,"1,070",13.6,"1,410",52.3,47.2,2,15.9,24.8
Needham,1990000,"2,482",16.4,"5,527",49.5,50.4,3.3,18,6.7
Neighborhood House Charter (District),4440000,364,16.7,795,48.7,51.2,9.4,21.8,51.7
New Bedford,2010000,"6,457",17,"12,685",47.6,52.4,26.3,22.9,75
New Heights Charter School of Brockton (District),35130000,190,24,636,49.5,50.5,15.9,11.2,50.3
New Salem-Wendell,7280000,79,16.4,131,51.2,48.9,0,23.7,35.1
Newburyport,2040000,"1,712",14,"2,150",50,50,2.2,19.2,11.8
Newton,2070000,"5,815",17.1,"12,121",48.9,50.9,5.4,17.7,10.9
Norfolk,2080000,243,22.3,987,46.8,53.2,2.4,18.8,6.2
Norfolk County Agricultural,9150000,445,16.7,586,71.3,28.3,0.2,22.2,16.2
North Adams,2090000,555,14.9,"1,300",49.2,50.8,0.9,25.5,67.5
North Andover,2110000,"3,044",18,"4,559",48.6,51.4,2.3,17.9,18.9
North Attleborough,2120000,"2,158",15.6,"3,991",48.6,51.3,3.7,18.5,20.6
North Brookfield,2150000,230,11.2,516,48.5,51.6,0.8,22.9,39.2
North Middlesex,7350000,"1,579",18.6,"2,941",48.8,51.2,1.5,23.7,22.7
North Reading,2170000,"1,297",17.3,"2,313",48.4,51.6,0.7,18.7,9.6
Northampton,2100000,"1,207",16.8,"2,648",48.4,51.2,4.8,20.2,28.1
Northampton-Smith Vocational Agricultural,4060000,429,12.4,535,41.5,58.3,3.4,40.6,36.6
Northboro-Southboro,7300000,802,14.6,"1,357",51.5,48.5,1.3,14.4,10.1
Northborough,2130000,610,15.8,"1,531",47.2,52.8,5.9,21.2,15.9
Northbridge,2140000,804,17.8,"1,971",48.7,51.3,2.6,18.1,34.3
Northeast Metropolitan Regional Vocational Technical,8530000,"1,502",11.5,"1,292",44.9,55,5,18.9,42.9
Northern Berkshire Regional Vocational Technical,8510000,441,11.1,501,40.7,59.3,0,14.6,38.3
Norton,2180000,"1,341",15.9,"2,403",50.4,49.6,2.1,21.6,23.8
Norwell,2190000,952,14.9,"2,223",48,52,0.3,15.7,5
Norwood,2200000,"2,751",8.6,"3,425",49.8,50.1,12.7,22.4,31.6
Oak Bluffs,2210000,198,16.7,448,47.3,52.7,17,23.7,33
Old Colony Regional Vocational Technical,8550000,248,16.6,553,36.9,62.9,0,22.4,19.5
Old Rochester,7400000,"1,240",8.8,"1,136",46.3,53.7,0.1,12.9,15.7
Old Sturbridge Academy Charter Public School (District),35150000,7,40,280,48.9,51.1,3.2,22.1,34.6
Orange,2230000,153,15.4,472,48.1,51.9,1.3,29,64.8
Orleans,2240000,190,10.9,174,58.1,42,6.9,21.8,32.2
Oxford,2260000,622,16.5,"1,488",49.6,50.1,0.7,18.3,38
Palmer,2270000,985,14.7,"1,208",48.8,51.1,4.4,19.1,51.8
Pathfinder Regional Vocational Technical,8600000,548,11.3,602,37.4,62,0.2,27.4,37.7
Paulo Freire Social Justice Charter School (District),35010000,184,15.1,250,58.4,41.6,6,23.6,82.4
Peabody,2290000,"2,964",16.4,"5,813",49.6,50.4,9.1,20.2,38.7
Pelham,2300000,43,13.9,102,39.2,59.8,2,21.6,12.8
Pembroke,2310000,"1,195",16.9,"2,620",47.7,52.3,1.8,17.4,15.5
Pentucket,7450000,"1,226",16.3,"2,191",47.1,52.9,0.4,22.4,13.1
Petersham,2340000,49,15.9,121,51.2,48.8,1.7,21.5,35.5
Phoenix Academy Public Charter High School Lawrence (District),35180000,46,6.5,156,39.7,60.3,27.6,24.4,80.8
Phoenix Academy Public Charter High School Springfield (District),35080000,12,61.9,201,47.8,52.2,18.4,25.9,81.6
Phoenix Charter Academy (District),4930000,30,37.1,216,49.5,50.5,63,11.6,55.1
Pioneer Charter School of Science (District),4940000,344,19.2,801,52.2,47.8,17.7,9.1,45.1
Pioneer Charter School of Science II (PCSS-II) (District),35060000,155,18.4,360,53.6,46.1,17.2,14.2,33.9
Pioneer Valley,7500000,406,12.1,631,50.4,49.6,1.3,23.1,30.9
Pioneer Valley Chinese Immersion Charter (District),4970000,308,17.5,558,50.9,48.9,3.1,12.2,22.2
Pioneer Valley Performing Arts Charter Public (District),4790000,298,13.9,403,66.8,32.8,0,22.6,31.8
Pittsfield,2360000,"2,269",14,"4,967",48.8,51.2,5.4,22,58.6
Plainville,2380000,124,19.2,632,47.2,52.9,4.4,21,23.1
Plymouth,2390000,"5,125",15.3,"7,102",47.4,52.6,3,20.3,28.2
Plympton,2400000,111,14.7,220,47.3,52.7,0.5,15,16.4
Prospect Hill Academy Charter (District),4870000,445,18.3,"1,105",49.7,50.3,14.3,15.9,52.6
Provincetown,2420000,52,11.3,147,55.1,44.9,19.1,17,44.2
Quabbin,7530000,"1,258",14.4,"2,116",49.2,50.6,0.5,19.6,31.3
Quaboag Regional,7780000,597,14.7,"1,128",48.8,51.1,1.6,20.2,41.8
Quincy,2430000,"6,287",12.7,"9,515",47.6,52.4,15.6,19.4,40.6
Ralph C Mahar,7550000,548,15.3,622,49.2,50.6,0.5,22.2,47.9
Randolph,2440000,"1,078",13.6,"2,696",46.4,53.6,16.6,20.9,55
Reading,2460000,"1,760",16.7,"3,980",47.5,52.4,1.3,18.5,9.3
Revere,2480000,"4,140",15.6,"7,294",49.3,50.7,24.1,15.8,58.4
Richmond,2490000,113,14.7,151,50.3,49.7,0,19.2,29.1
Rising Tide Charter Public (District),4830000,303,20,668,49.6,50,1.2,21.4,16.6
River Valley Charter (District),4820000,146,11.7,286,52.8,47.2,0,16.8,8
Rochester,2500000,367,16.8,493,47.9,52.1,0.4,21.7,20.3
Rockland,2510000,"1,446",14.4,"2,211",48.3,51.7,8.2,18.6,43.2
Rockport,2520000,459,14.7,770,47.7,52.3,0.7,22.9,22.7
Rowe,2530000,21,16.1,63,49.2,50.8,0,33.3,42.9
Roxbury Preparatory Charter (District),4840000,335,29.9,"1,589",47.1,52.9,14.1,15.7,70.3
Sabis International Charter (District),4410000,446,27,"1,565",50.8,49.2,10,15.9,47.9
Salem,2580000,"2,245",13.5,"3,772",48.6,51.4,14.1,20.9,56.4
Salem Academy Charter (District),4850000,250,19,491,51.1,48.5,3.3,19.6,40.9
Sandwich,2610000,"1,367",15.6,"2,351",50.6,49.3,1.5,20.5,20.3
Saugus,2620000,"1,099",17,"2,425",48,51.8,7.1,16.5,39.4
Savoy,2630000,61,5.7,45,42.2,57.8,0,22.2,44.4
Scituate,2640000,"1,470",18.2,"2,879",49.5,50.5,0.4,15.6,10.8
Seekonk,2650000,863,15.7,"2,014",49.6,50.3,2.5,18.9,16.1
Sharon,2660000,"1,529",19,"3,520",48.9,51,3.2,14.4,9.7
Shawsheen Valley Regional Vocational Technical,8710000,717,16.3,"1,302",39.2,60.8,0.1,27.9,16.9
Sherborn,2690000,217,15.7,391,51.4,48.6,3.3,15.6,6.9
Shrewsbury,2710000,"2,551",18.2,"6,046",50,50,2.9,14.1,14.5
Shutesbury,2720000,55,14.8,116,58.6,41.4,0,20.7,35.3
Silver Lake,7600000,814,18.9,"1,729",47.3,52.5,1.2,18.5,19
Sizer School: A North Central Charter Essential (District),4740000,234,13,370,44.1,55.7,3,27.3,43.5
Somerset,2730000,939,18.4,"1,623",48,51.9,1.1,18.2,27.5
Somerset Berkley Regional School District,7630000,448,18,"1,007",50.7,49.3,0.1,14.9,17.8
Somerville,2740000,"2,366",12.3,"4,624",47.4,52.3,18.5,19.9,46.2
South Hadley,2780000,697,17.4,"1,788",50.6,49.3,4.5,19,30.9
South Middlesex Regional Vocational Technical,8290000,761,12.6,815,41.7,57.6,17.9,39.5,50.2
South Shore Charter Public (District),4880000,534,15.3,"1,013",49,50.6,11.8,20,27.6
South Shore Regional Vocational Technical,8730000,247,15,637,32.7,67.4,0.8,26.2,24.2
Southampton,2750000,173,15.1,460,45.9,54.1,1.7,26.5,17.6
Southborough,2760000,501,14.9,"1,243",48,52,7.1,16.9,7.5
Southbridge,2770000,895,15.7,"1,886",48.2,51.8,19.8,21.6,77.7
Southeastern Regional Vocational Technical,8720000,"1,408",8.2,"1,527",52.3,47.6,3.6,13.8,38.8
Southern Berkshire,7650000,470,12.1,655,49.9,50.1,2.9,13.9,37.4
Southern Worcester County Regional Vocational Technical,8760000,993,13.5,"1,168",41.9,58.1,0.9,13.4,27.3
Southwick-Tolland-Granville Regional School District,7660000,774,14.4,"1,403",49.8,50.2,3.4,17.7,26.8
Spencer-E Brookfield,7670000,469,15.5,"1,353",46.3,53.7,4,21.2,44.4
Springfield,2810000,"21,372",11.5,"24,098",48.2,51.8,16.4,24.5,82.2
Springfield Preparatory Charter School (District),35100000,87,32.5,374,48.4,51.6,16,20.3,70.9
Stoneham,2840000,"1,483",13.4,"2,288",49.1,50.8,3.7,20.3,20
Stoughton,2850000,"1,941",16,"3,436",48,52,7.7,16.9,39.1
Sturbridge,2870000,295,17.7,809,45.7,54.3,3.7,16.7,18.5
Sturgis Charter Public (District),4890000,453,14.1,853,57.7,42.2,1.4,15.8,15.4
Sudbury,2880000,"1,918",15.2,"2,547",48.1,51.8,2.2,20.6,7
Sunderland,2890000,153,13.3,190,47.4,52.1,7.4,21.1,41.1
Sutton,2900000,463,17.4,"1,258",49.1,50.8,2.1,17.3,15.7
Swampscott,2910000,"1,208",16.8,"2,134",48.9,51.1,5.3,18.9,18.4
Swansea,2920000,"1,786",8.9,"2,013",48.8,51.2,0.4,11.8,23.3
TEC Connections Academy Commonwealth Virtual School District,39020000,592,45.8,"2,661",56.4,43.6,1.2,18.8,44.9
Tantasqua,7700000,"1,186",14.8,"1,776",48.5,51.4,0.7,11.2,23.1
Taunton,2930000,"3,299",19.4,"7,861",49,51.1,6.1,20.1,52.3
Tewksbury,2950000,"1,487",17.9,"3,221",50.1,49.8,2.3,17.8,18.2
Tisbury,2960000,205,13.8,292,47.6,52.4,26,18.2,43.8
Topsfield,2980000,204,15.1,585,50.3,49.7,0.3,19.5,4.8
Tri-County Regional Vocational Technical,8780000,569,16.6,946,38.4,61.2,0.2,31,20.8
Triton,7730000,"1,124",16.9,"2,198",48.7,51.3,1.2,17.7,26.2
Truro,3000000,61,15.4,113,48.7,51.3,0,17.7,38.1
Tyngsborough,3010000,966,17.6,"1,604",49.4,50.6,5.2,19.4,20.1
UP Academy Charter School of Boston (District),4800000,138,22.1,364,47.3,52.8,24.5,27.8,80
UP Academy Charter School of Dorchester (District),35050000,138,31.9,722,50.4,49.6,33.1,15.4,75.8
Up-Island Regional,7740000,147,14.1,413,46.5,53.3,4.6,18.9,24
Upper Cape Cod Regional Vocational Technical,8790000,346,14.1,708,38.7,61.3,0,25.6,33.6
Uxbridge,3040000,859,16,"1,598",45.5,54.5,1.8,17.9,24.2
Veritas Preparatory Charter School (District),4980000,75,27,405,53.6,46.4,4.7,23.2,79.8
Wachusett,7750000,"3,032",18,"6,656",49.5,50.5,1.9,14.8,13.8
Wakefield,3050000,"1,476",16.1,"3,331",49,51,2.5,16.9,14.6
Wales,3060000,41,16.2,129,45,55,0.8,18.6,44.2
Walpole,3070000,"1,502",15.3,"3,659",50,49.9,3.8,14.4,13.2
Waltham,3080000,"3,761",13.5,"5,549",47.8,52.1,22.5,16.7,42.3
Ware,3090000,409,18.9,"1,168",49.1,50.9,1.7,20.8,58.8
Wareham,3100000,"1,319",13.5,"2,052",50.9,49,1.4,26.2,59.2
Watertown,3140000,"1,827",12.5,"2,552",47.9,52.1,14.4,20,32.6
Wayland,3150000,"1,372",16.3,"2,718",50.4,49.6,3.5,18.6,7.3
Webster,3160000,823,17.2,"1,679",47.6,52.4,12,22.6,64
Wellesley,3170000,"2,523",14.8,"4,442",50.5,49.4,1.9,17,7.1
Wellfleet,3180000,88,11.7,99,46.5,53.5,1,15.2,29.3
West Boylston,3220000,617,13.9,895,51.1,48.9,3.4,18,24.9
West Bridgewater,3230000,870,18.7,"1,414",49.7,50.4,2,10.7,20.8
West Springfield,3320000,"2,374",10.7,"3,917",48.6,51.4,10.2,18.3,50.7
Westborough,3210000,"1,998",15.8,"3,845",49.6,50.4,11.5,15.3,12.6
Westfield,3250000,"2,697",16,"4,927",48.5,51.5,5.4,21.8,42.6
Westford,3260000,"3,064",12.6,"4,759",49.9,50,2.2,16.1,7.7
Westhampton,3270000,65,12.7,110,41.8,58.2,0,27.3,26.4
Weston,3300000,"1,040",14.2,"1,905",49.1,50.8,3.6,17.1,6.6
Westport,3310000,846,15.2,"1,379",47,52.9,1.2,19.4,29.2
Westwood,3350000,"1,799",13,"2,970",48.5,51.5,0.9,19.4,6.4
Weymouth,3360000,"2,754",17.4,"5,698",49.6,50.4,5.9,20.7,35.7
Whately,3370000,87,14.3,116,50.9,49.1,2.6,12.1,19.8
Whitman-Hanson,7800000,"1,394",17.5,"3,611",48.7,51.3,0.9,17.3,24
Whittier Regional Vocational Technical,8850000,742,12.6,"1,236",47,53,1.3,19.1,34.6
Williamsburg,3400000,69,12.5,117,47,53,0.9,15.4,31.6
Wilmington,3420000,"1,859",14.9,"2,846",49.1,50.8,1.1,15.3,12.5
Winchendon,3430000,405,17.8,"1,191",46.3,53.7,1.4,23.9,50
Winchester,3440000,"3,451",12.8,"4,493",49.9,50,3.1,16.7,5.6
Winthrop,3460000,661,20.6,"1,847",50.6,49.3,7.2,16.4,32.2
Woburn,3470000,"2,985",13.8,"4,332",50.2,49.7,8.4,17.9,33.7
Worcester,3480000,"11,791",14.1,"20,660",48.8,51.2,26.8,20.6,63.7
Worthington,3490000,60,6,58,50,50,0,25.9,36.2
Wrentham,3500000,404,18.4,893,50.1,49.9,2.8,19.9,10.9
State Totals,0,"5,02,941",15.5,"9,12,474",48.6,51.3,10.5,18.8,37.3